Workbook

Sheet Rates
A1: D&R Prime and Tack — Vendor Rate Sheet (Paramount Asphalt)
A2: Rates as quoted by D&R via text, 10/7/2026. Blue = vendor input; black = calculated.
A4: Item | B4: Rate | C4: Unit | D4: Notes
A5: Tack — material price | B5: 5.75 | C5: $/gal | D5: Quoted by D&R
A6: Tack — coverage | B6: 10 | C6: SY/gal | D6: Quoted by D&R (= 0.10 gal/SY)
A7: Tack — truck/crew hourly | B7: 110 | C7: $/hr | D7: Quoted by D&R. Confirm portal-to-portal vs. on-site only
A8: Prime | B8: 0.5 | C8: $/SY | D8: Quoted by D&R
A9: Prime & sand | B9: 0.7 | C9: $/SY | D9: Quoted by D&R
A10: Minimum (prime / prime & sand) | B10: 1500 | C10: SY | D10: Quoted by D&R. Confirm whether it also applies to tack
A12: Derived
A13: Tack — material cost per SY | B13: =B5/B6 -> 0.575 | C13: $/SY | D13: Excludes hourly truck time
A14: Prime — minimum charge | B14: =B10*B8 -> 750 | C14: $ | D14: 1,500 SY × prime rate
A15: Prime & sand — minimum charge | B15: =B10*B9 -> 1050 | C15: $ | D15: 1,500 SY × prime & sand rate
A17: Open questions to confirm with D&R before relying on these numbers:
A18: 1. Is the $110/hr charged on top of the $5.75/gal for tack, or is it a separate minimum/mobilization?
A19: 2. Does the 1,500 SY minimum apply to tack, or only prime / prime & sand?
A20: 3. Do the prime rates ($0.50 / $0.70 per SY) include labor, truck and sand, or is hourly added?
A21: 4. Is hourly billed portal-to-portal (from their yard) or on-site time only? Any trip/mobilization charge?
A22: 5. Is 10 SY/gal their standard application rate, or adjustable per spec (e.g., 0.05 gal/SY)?

Sheet Estimator
A1: D&R Prime & Tack — Job Estimator
A2: Fill in the YELLOW cells only. Everything else calculates from the Rates tab.
A4: TACK
A5: Square yards | B5: 3000 | C5: Example values — overwrite
A6: Estimated truck hours | B6: 3
A7: Gallons | B7: =B5/Rates!$B$6 -> 300
A8: Material | B8: =B7*Rates!$B$5 -> 1725
A9: Hourly | B9: =B6*Rates!$B$7 -> 330
A10: Tack total | B10: =B8+B9 -> 2055
A11: Effective cost per SY | B11: =IF(B5>0,B10/B5,0) -> 0.685
A13: PRIME
A14: Square yards | B14: 0
A15: Billable SY (1,500 min) | B15: =IF(B14>0,MAX(B14,Rates!$B$10),0) -> 0
A16: Prime total | B16: =B15*Rates!$B$8 -> 0
A17: Effective cost per SY | B17: =IF(B14>0,B16/B14,0) -> 0
A19: PRIME & SAND
A20: Square yards | B20: 0
A21: Billable SY (1,500 min) | B21: =IF(B20>0,MAX(B20,Rates!$B$10),0) -> 0
A22: Prime & sand total | B22: =B21*Rates!$B$9 -> 0
A23: Effective cost per SY | B23: =IF(B20>0,B22/B20,0) -> 0
A25: TOTAL D&R COST (job) | B25: =B10+B16+B22 -> 2055
A26: This is Paramount's COST from D&R — add markup before it goes in a bid.

Sheet Quick Reference
A1: D&R Cost Quick Reference by Job Size
A2: Tack shown as material only + with an hourly allowance. Prime columns have the 1,500 SY minimum applied.
E3: Tack hrs allowance: | F3: 3
A5: Square Yards | B5: Tack Gallons | C5: Tack Material | D5: Tack + Hourly | E5: Prime | F5: Prime & Sand
A6: 500 | B6: =A6/Rates!$B$6 -> 50 | C6: =B6*Rates!$B$5 -> 287.5 | D6: =C6+$F$3*Rates!$B$7 -> 617.5 | E6: =MAX(A6,Rates!$B$10)*Rates!$B$8 -> 750 | F6: =MAX(A6,Rates!$B$10)*Rates!$B$9 -> 1050
A7: 1000 | B7: =A7/Rates!$B$6 -> 100 | C7: =B7*Rates!$B$5 -> 575 | D7: =C7+$F$3*Rates!$B$7 -> 905 | E7: =MAX(A7,Rates!$B$10)*Rates!$B$8 -> 750 | F7: =MAX(A7,Rates!$B$10)*Rates!$B$9 -> 1050
A8: 1500 | B8: =A8/Rates!$B$6 -> 150 | C8: =B8*Rates!$B$5 -> 862.5 | D8: =C8+$F$3*Rates!$B$7 -> 1192.5 | E8: =MAX(A8,Rates!$B$10)*Rates!$B$8 -> 750 | F8: =MAX(A8,Rates!$B$10)*Rates!$B$9 -> 1050
A9: 2000 | B9: =A9/Rates!$B$6 -> 200 | C9: =B9*Rates!$B$5 -> 1150 | D9: =C9+$F$3*Rates!$B$7 -> 1480 | E9: =MAX(A9,Rates!$B$10)*Rates!$B$8 -> 1000 | F9: =MAX(A9,Rates!$B$10)*Rates!$B$9 -> 1400
A10: 2500 | B10: =A10/Rates!$B$6 -> 250 | C10: =B10*Rates!$B$5 -> 1437.5 | D10: =C10+$F$3*Rates!$B$7 -> 1767.5 | E10: =MAX(A10,Rates!$B$10)*Rates!$B$8 -> 1250 | F10: =MAX(A10,Rates!$B$10)*Rates!$B$9 -> 1750
A11: 3000 | B11: =A11/Rates!$B$6 -> 300 | C11: =B11*Rates!$B$5 -> 1725 | D11: =C11+$F$3*Rates!$B$7 -> 2055 | E11: =MAX(A11,Rates!$B$10)*Rates!$B$8 -> 1500 | F11: =MAX(A11,Rates!$B$10)*Rates!$B$9 -> 2100
A12: 4000 | B12: =A12/Rates!$B$6 -> 400 | C12: =B12*Rates!$B$5 -> 2300 | D12: =C12+$F$3*Rates!$B$7 -> 2630 | E12: =MAX(A12,Rates!$B$10)*Rates!$B$8 -> 2000 | F12: =MAX(A12,Rates!$B$10)*Rates!$B$9 -> 2800
A13: 5000 | B13: =A13/Rates!$B$6 -> 500 | C13: =B13*Rates!$B$5 -> 2875 | D13: =C13+$F$3*Rates!$B$7 -> 3205 | E13: =MAX(A13,Rates!$B$10)*Rates!$B$8 -> 2500 | F13: =MAX(A13,Rates!$B$10)*Rates!$B$9 -> 3500
A14: 7500 | B14: =A14/Rates!$B$6 -> 750 | C14: =B14*Rates!$B$5 -> 4312.5 | D14: =C14+$F$3*Rates!$B$7 -> 4642.5 | E14: =MAX(A14,Rates!$B$10)*Rates!$B$8 -> 3750 | F14: =MAX(A14,Rates!$B$10)*Rates!$B$9 -> 5250
A15: 10000 | B15: =A15/Rates!$B$6 -> 1000 | C15: =B15*Rates!$B$5 -> 5750 | D15: =C15+$F$3*Rates!$B$7 -> 6080 | E15: =MAX(A15,Rates!$B$10)*Rates!$B$8 -> 5000 | F15: =MAX(A15,Rates!$B$10)*Rates!$B$9 -> 7000
A16: 15000 | B16: =A16/Rates!$B$6 -> 1500 | C16: =B16*Rates!$B$5 -> 8625 | D16: =C16+$F$3*Rates!$B$7 -> 8955 | E16: =MAX(A16,Rates!$B$10)*Rates!$B$8 -> 7500 | F16: =MAX(A16,Rates!$B$10)*Rates!$B$9 -> 10500
A17: 20000 | B17: =A17/Rates!$B$6 -> 2000 | C17: =B17*Rates!$B$5 -> 11500 | D17: =C17+$F$3*Rates!$B$7 -> 11830 | E17: =MAX(A17,Rates!$B$10)*Rates!$B$8 -> 10000 | F17: =MAX(A17,Rates!$B$10)*Rates!$B$9 -> 14000
